company_name,nse,exchange
360 ONE WAM LIMITED,360ONE,NSE
3M India Limited,3MINDIA,NSE
Aadhar Housing Finance Limited,AADHARHFC,NSE
Aarti Drugs Limited,AARTIDRUGS,NSE
Aarti Industries Limited,AARTIIND,NSE
Aavas Financiers Limited,AAVAS,NSE
ABB India Limited,ABB,NSE
Abbott India Limited,ABBOTINDIA,NSE
ACC Ltd.,ACC,NSE
ACME SOLAR HOLDINGS LTD.,ACMESOLAR,NSE
Action Construction Equipment Limited,ACE,NSE
Acutaas Chemicals Limited,ACUTAAS,NSE
Adani Energy Solutions Limited,ADANIENSOL,NSE
Adani Enterprises Limited,ADANIENT,NSE
Adani Green Energy Limited,ADANIGREEN,NSE
Adani Ports and Special Economic Zone Limited,ADANIPORTS,NSE
Adani Power Limited,ADANIPOWER,NSE
Adani Wilmar Limited,AWL,NSE
Aditya Birla Capital Limited,ABCAPITAL,NSE
Aditya Birla Fashion and Retail Limited,ABFRL,NSE
Aditya Birla Lifestyle Brands Limited,ABLBL,NSE
Aditya Birla Real Estate Limited,ABREL,NSE
Aditya Birla Sun Life AMC Limited,ABSLAMC,NSE
ADITYA INFOTECH LIMITED,CPPLUS,NSE
Aditya Vision Limited,AVL,NSE
Aegis Logistics Limited,AEGISLOG,NSE
Aegis Vopak Terminals Limited,AEGISVOPAK,NSE
AEQUS LIMITED,AEQUS,NSE
Aether Industries Limited,AETHER,NSE
Afcom Holdings Limited,AFCOM,BSE
Afcons Infrastructure Limited,AFCONS,NSE
Affle 3i Limited,AFFLE,NSE
Affle India Ltd.,AFFLE,NSE
Ahluwalia Contracts (India) Limited,AHLUCONT,NSE
AIA Engineering Limited,AIAENG,NSE
Ajanta Pharma Limited,AJANTPHARM,NSE
Ajax Engineering Ltd.,AJAXENGG,NSE
Akums Drugs and Pharmaceuticals Limited,AKUMS,NSE
AKZO NOBEL INDIA LTD,AKZOINDIA,NSE
AkzoNobel India Ltd.,AKZOINDIA,NSE
Alembic Pharmaceuticals Limited,APLLTD,NSE
Alicon Castalloy Limited,ALICON,NSE
Alivus Life Sciences Limited,ALIVUS,NSE
Alkem Laboratories Limited,ALKEM,NSE
All Time Plastics Limited,ALLTIME,NSE
ALLCARGO GLOBAL LTD,AGL,NSE
ALLCARGO LOGISTICS LTD,ALLCARGO,NSE
Allied Blenders And Distillers Limited,ABDL,NSE
Amagi Media Labs Ltd.,AMAGI,NSE
Amanta Healthcare Limited,AMANTA,NSE
Amara Raja Energy And Mobility Ltd,ARE&M,NSE
Amber Enterprises India Limited,AMBER,NSE
Ambuja Cements Limited,AMBUJACEM,NSE
Amir Chand Jagdish Kumar (Exports) Ltd,AMIRCHAND,NSE
Amrutanjan Health Care Limited,AMRUTANJAN,NSE
ANAND RATHI SHARE AND STOCK BROKERS LIMITED,ARSSBL,NSE
Anand Rathi Wealth Limited,ANANDRATHI,NSE
AnandRathi Wealth Ltd.,ANANDRATHI,NSE
Anant Raj Limited,ANANTRAJ,NSE
Andhra Paper Ltd,ANDHRAPAP,NSE
ANGEL ONE LIMITED,ANGELONE,NSE
Anlon Technology Solutions Limited,ANLON,NSE
ANTHEM BIOSCIENCES LIMITED,ANTHEM,NSE
Antony Waste Handling Cell Limited,AWHCL,NSE
Apar Industries Limited,APARINDS,NSE
Apcotex Industries Ltd.,APCOTEXIND,NSE
Apeejay Surrendra Park Hotels Limited,PARKHOTELS,NSE
APL Apollo Tubes Limited,APLAPOLLO,NSE
Apollo Hospitals Enterprise Limited,APOLLOHOSP,NSE
Apollo Pipes Ltd,APOLLOPIPE,NSE
Apollo Tyres Limited,APOLLOTYRE,NSE
Aptus Value Housing Finance India Limited,APTUS,NSE
Archean Chemical Industries Limited,ACI,NSE
Artemis Medicare Services Limited,ARTEMISMED,NSE
Arvind Fashions Limited,ARVINDFASN,NSE
Arvind Limited,ARVIND,NSE
Arvind SmartSpaces Limited,ARVSMART,NSE
Asahi India Glass Limited,ASAHIINDIA,NSE
Ashok Leyland Limited,ASHOKLEY,NSE
Asian Paints Limited,ASIANPAINT,NSE
ASK Automotive Ltd.,ASKAUTOLTD,NSE
Astec LifeSciences Limited,ASTEC,NSE
Aster DM Healthcare Limited,ASTERDM,NSE
Astra Microwave Products Limited,ASTRAMICRO,NSE
Astral Limited,ASTRAL,NSE
AstraZeneca Pharma India Limited,ASTRAZEN,NSE
Ather Energy Limited,ATHERENERG,NSE
Atlanta Electricals Ltd,ATLANTAELE,NSE
Atul Limited,ATUL,NSE
AU Small Finance Bank Limited,AUBANK,NSE
Aurobindo Pharma Limited,AUROPHARMA,NSE
Automotive Axles Limited,AUTOAXLES,NSE
Avalon Technologies Limited,AVALON,NSE
AVANTI FEEDS LTD,AVANTIFEED,NSE
Avenue Supermarts Limited,DMART,NSE
AWFIS SPACE SOLUTIONS LIMITED,AWFIS,NSE
AWL Agri Business Limited,AWL,NSE
Axis Bank Limited,AXISBANK,NSE
Axiscades Technologies Ltd.,AXISCADES,NSE
Aye Finance Limited,AYE,NSE
Azad Engineering Ltd,AZAD,NSE
Baazar Style Retail Ltd,STYLEBAAZA,NSE
Bajaj Auto Limited,BAJAJ-AUTO,NSE
Bajaj Consumer Care Limited,BAJAJCON,NSE
Bajaj Electricals Limited,BAJAJELEC,NSE
Bajaj Finance Limited,BAJFINANCE,NSE
Bajaj Finserv Limited,BAJAJFINSV,NSE
Bajaj Holdings & Investment Limited,BAJAJHLDNG,NSE
Bajaj Housing Finance Limited,BAJAJHFL,NSE
Bajel Projects Limited,BAJEL,NSE
Balkrishna Industries Limited,BALKRISIND,NSE
Balrampur Chini Mills Limited,BALRAMCHIN,NSE
Bandhan Bank Ltd.,BANDHANBNK,NSE
BANK OF BARODA,BANKBARODA,NSE
Bank of India,BANKINDIA,NSE
BANK OF MAHARASHTRA,MAHABANK,NSE
BANSAL WIRE INDUSTRIES LIMITED,BANSALWIRE,NSE
BASF India Ltd.,BASF,NSE
Bata India Limited,BATAINDIA,NSE
Bayer Cropscience Limited,BAYERCROP,NSE
Belrise Industries Ltd.,BELRISE,NSE
BEML Limited,BEML,NSE
Berger Paints India Ltd.,BERGEPAINT,NSE
Best Agrolife Limited,BESTAGRO,NSE
Bharat Coking Coal Limited,BHARATCOAL,NSE
Bharat Dynamics Limited,BDL,NSE
Bharat Electronics Limited,BEL,NSE
Bharat Forge Limited,BHARATFORG,NSE
Bharat Heavy Electricals Limited,BHEL,NSE
Bharat Petroleum Corporation Limited,BPCL,NSE
Bharti Airtel Limited,BHARTIARTL,NSE
Bharti Hexacom Limited,BHARTIHEXA,NSE
Bikaji Foods International Limited,BIKAJI,NSE
Billionbrains Garage Ventures Limited (Groww),GROWW,NSE
Biocon Limited,BIOCON,NSE
Birla Corporation Limited,BIRLACORPN,NSE
Birlasoft LImited,BSOFT,NSE
Black Box Limited,BBOX,NSE
Black Buck Ltd,BLACKBUCK,NSE
BLACKBUCK LIMITED,BLACKBUCK,NSE
Blue Dart Express Ltd.,BLUEDART,NSE
Blue Star Limited,BLUESTARCO,NSE
Bluestone Jewellery and Lifestyle Limited,BLUESTONE,NSE
BLUSPRING ENTERPRISES LTD,BLUSPRING,NSE
Bombay Burmah Trading Corporation Limited,BBTC,NSE
Borosil Limited,BOROLTD,NSE
Bosch Limited,BOSCHLTD,NSE
Brainbees Solutions Limited (FirstCry),FIRSTCRY,NSE
BRIGADE ENTERPRISES LIMITED,BRIGADE,NSE
Brigade Hotel Ventures Limited,BRIGHOTEL,NSE
Britannia Industries Limited,BRITANNIA,NSE
BSE Limited,BSE,NSE
Butterfly Gandhimathi Appliances Limited,BUTTERFLY,NSE
C.E. INFO SYSTEMS LTD,MAPMYINDIA,NSE
C.E.Info Systems Ltd.,MAPMYINDIA,NSE
Camlin Fine Sciences Ltd.,CAMLINFINE,NSE
Campus Activewear Limited,CAMPUS,NSE
Can Fin Homes Limited,CANFINHOME,NSE
Canara Bank,CANBK,NSE
Canara HSBC Life Insurance Company Limited,CANHLIFE,NSE
Canara Robeco Asset Management Company Ltd,CRAMC,NSE
Capacite Infraprojects Limited,CAPACITE,NSE
Capillary Technologies India Ltd.,CAPILLARY,NSE
Capri Global Capital Limited,CGCL,NSE
Carborundum Universal Limited,CARBORUNIV,NSE
CARE Ratings Limited,CARERATING,NSE
Carraro India Limited,CARRARO,NSE
CarTrade Tech Ltd.,CARTRADE,NSE
CARYSIL LIMITED,CARYSIL,NSE
Castrol India Limited,CASTROLIND,NSE
CCL Products (India) Limited,CCL,NSE
CEAT Limited,CEATLTD,NSE
CELLO WORLD LTD.,CELLO,NSE
Cemindia Projects Ltd,CEMPRO,NSE
Central Depository Services (India) Limited,CDSL,NSE
Central Mine Planning & Design Institute Limited,CMPDI,NSE
Centum Electronics Ltd.,CENTUM,NSE
Century Enka Ltd.,CENTENKA,NSE
Century Plyboards (India) Limited,CENTURYPLY,NSE
Cera Sanitaryware Ltd.,CERA,NSE
CESC Limited,CESC,NSE
CG Power and Industrial Solutions Limited,CGPOWER,NSE
Chalet Hotels Limited,CHALET,NSE
Chambal Fertilizers & Chemicals Limited,CHAMBLFERT,NSE
Chemplast Sanmar Limited,CHEMPLASTS,NSE
Cholamandalam Financial Holdings Limited,CHOLAHLDNG,NSE
Cholamandalam Investment and Finance Company Limited,CHOLAFIN,NSE
CIE Automotive India Limited,CIEINDIA,NSE
Cipla Limited,CIPLA,NSE
City Union Bank Limited,CUB,NSE
Clean Science and Technology Limited,CLEAN,NSE
CMR Green Technologies Limited,CMRGREEN,NSE
CMS INFO SYSTEMS LIMITED,CMSINFO,NSE
Coal India Limited,COALINDIA,NSE
Cochin Shipyard Ltd,COCHINSHIP,NSE
Coforge Limited,COFORGE,NSE
Cohance Lifesciences Limited,COHANCE,NSE
Colgate Palmolive (India) Limited,COLPAL,NSE
Computer Age Management Services Limited,CAMS,NSE
Concord Biotech Limited,CONCORDBIO,NSE
Concord Enviro Systems Limited,CEWATER,NSE
Container Corporation of India Limited,CONCOR,NSE
Coromandel International Limited,COROMANDEL,NSE
Corona Remedies Limited,CORONA,NSE
Craftsman Automation Limited,CRAFTSMAN,NSE
Credit Analysis And Research Ltd.,CARERATING,NSE
CreditAccess Grameen Limited,CREDITACC,NSE
CRISIL Ltd.,CRISIL,NSE
Crizac Ltd,CRIZAC,NSE
Crompton Greaves Consumer Elec. Ltd.,CROMPTON,NSE
Crompton Greaves Consumer Electricals Limited,CROMPTON,NSE
CSB Bank Limited,CSBBANK,NSE
Cummins India Limited,CUMMINSIND,NSE
Cyient DLM Limited,CYIENTDLM,NSE
Cyient Limited,CYIENT,NSE
D B Corp Limited,DBCORP,NSE
Dabur India Ltd.,DABUR,NSE
Dalmia Bharat Limited,DALBHARAT,NSE
DAM Capital Advisors Limited,DAMCAPITAL,NSE
Data Patterns (India) Limited,DATAPATTNS,NSE
DCB Bank Limited,DCBBANK,NSE
DCM Shriram Ltd.,DCMSHRIRAM,NSE
Deepak Fertilizers and Petrochemicals Corporation Limited,DEEPAKFERT,NSE
Deepak Nitrite Limited,DEEPAKNTR,NSE
Delhivery Limited,DELHIVERY,NSE
DEVYANI INTERNATIONAL LIMITED,DEVYANI,NSE
Dhanuka Agritech Limited,DHANUKA,NSE
Diffusion Engineers Limited,DIFFNKG,NSE
Digitide Solutions Limited,DIGITIDE,NSE
Divgi Torqtransfer Systems Limited,DIVGIITTS,NSE
Divi's Laboratories Limited,DIVISLAB,NSE
Dixon Technologies (India) Limited,DIXON,NSE
DLF Limited,DLF,NSE
Dodla Dairy Limited,DODLA,NSE
Doms Industries Limited,DOMS,NSE
Dr Agarwals Health Care Limited,AGARWALEYE,NSE
Dr Lal Pathlabs Ltd.,LALPATHLAB,NSE
Dr. Lal Path Labs Limited,LALPATHLAB,NSE
Dr. Reddy's Laboratories Limited,DRREDDY,NSE
Dredging Corporation of India Limited,DREDGECORP,NSE
E.I.D-Parry (India) Ltd.,EIDPARRY,NSE
E2E Networks Limited,E2E,NSE
eClerx Services Limited,ECLERX,NSE
Ecos India Mobility And Hospitality Ltd,ECOSMOBLTY,NSE
Edelweiss Financial Services Limited,EDELWEISS,NSE
EFC (I) Limited,EFCIL,NSE
Eicher Motors Limited,EICHERMOT,NSE
EIH Limited,EIHOTEL,NSE
Elantas Beck India Limited,ELANTAS,NSE
Elecon Engineering Co Ltd,ELECON,NSE
Electronics Mart India Limited,EMIL,NSE
Elgi Equipments Ltd.,ELGIEQUIP,NSE
Ellenbarrie Industrial Gases Limited,ELLEN,NSE
Emami Limited,EMAMILTD,NSE
Embassy Developments Limited,EMBDL,NSE
EMCURE PHARMACEUTICALS LIMITED,EMCURE,NSE
Emmvee Photovoltaic Power Limited,EMMVEE,NSE
eMudhra Limited,EMUDHRA,NSE
Endurance Technologies Limited,ENDURANCE,NSE
Engineers India Limited,ENGINERSIN,NSE
Entero Healthcare Solutions Ltd,ENTERO,NSE
Epack Durable Ltd,EPACK,NSE
Epigral Limited,EPIGRAL,NSE
EPL Limited,EPL,NSE
Equitas Small Finance Bank Limited,EQUITASBNK,NSE
Eris Lifesciences Limited,ERIS,NSE
Esab India Limited,ESABINDIA,NSE
ESCORTS KUBOTA LIMITED,ESCORTS,NSE
ETERNAL LIMITED,ETERNAL,NSE
EUREKA FORBES LTD,EUREKAFORB,NSE
EVEREADY INDUSTRIES INDIA LTD,EVEREADY,NSE
Exide Industries Limited,EXIDEIND,NSE
FDC Limited,FDC,NSE
Fedbank Financial Services Limited,FEDFINA,NSE
FIEM INDUSTRIES LIMITED,FIEMIND,NSE
Filatex India Limited,FILATEX,NSE
Finbud Financial Services Limited,FINBUD-SM,NSE
Fine Organic Industries Limited,FINEORG,NSE
Fineotex Chemical Limited,FCL,NSE
Finolex Cables Limited,FINCABLES,NSE
Finolex Industries Ltd.,FINPIPE,NSE
Firstsource Solutions Limited,FSL,NSE
Five-Star Business Finance Limited,FIVESTAR,NSE
Flair Writing Industries Limited,FLAIR,NSE
Fortis Healthcare India Ltd,FORTIS,NSE
Fractal Analytics Ltd.,FRACTAL,NSE
FSN E-Commerce Ventures Limited,NYKAA,NSE
Fujiyama Power Systems Limited,UTLSOLAR,NSE
G R Infraprojects Limited,GRINFRA,NSE
Gabriel India Limited,GABRIEL,NSE
GAIL (India) Limited,GAIL,NSE
Galaxy Surfactants Limited,GALAXYSURF,NSE
Ganesha Ecosphere Limited,GANECOS,NSE
GARWARE TECHNICAL FIBRES LTD.,GARFIBRES,NSE
Gateway Distriparks Limited,GATEWAY,NSE
GE VERNOVA T&D INDIA LIMITED,GVT&D,NSE
General Insurance Corporation of India,GICRE,NSE
Genus Power Infrastructures Limited,GENUSPOWER,NSE
Genus Prime Infra Limited,GENUSPOWER,NSE
GHCL Limited,GHCL,NSE
Gillette India Ltd.,GILLETTE,NSE
Gk Energy Limited,GKENERGY,NSE
Gland Pharma Limited,GLAND,NSE
GlaxoSmithKline Pharmaceuticals Limited,GLAXO,NSE
Glenmark Pharmaceuticals Limited,GLENMARK,NSE
Global Health Limited,MEDANTA,NSE
GMM Pfaudler Limited,GMMPFAUDLR,NSE
GMR Airports Ltd.,GMRAIRPORT,NSE
GNA Axles Ltd.,GNA,NSE
GNG Electronics Ltd.,EBGNG,NSE
Go Digit General Insurance Limited,GODIGIT,NSE
Go Fashion (India) Limited,GOCOLORS,NSE
Godavari Biorefineries Limited,GODAVARIB,NSE
Godawari Power And Ispat limited,GPIL,NSE
Godrej Agrovet Limited,GODREJAGRO,NSE
Godrej Consumer Products Limited,GODREJCP,NSE
Godrej Industries Limited,GODREJIND,NSE
Godrej Properties Limited,GODREJPROP,NSE
Gokaldas Exports Limited,GOKEX,NSE
Goodluck India Limited,GOODLUCK,NSE
Goodyear India Ltd.,GOODYEAR,NSE
GPT Healthcare Limited,GPTHEALTH,NSE
Granules India Limited,GRANULES,NSE
Graphite India Limited,GRAPHITE,NSE
Grasim Industries Limited,GRASIM,NSE
Gravita India Ltd.,GRAVITA,NSE
Greenlam Industries Limited,GREENLAM,NSE
Greenpanel Industries Limited,GREENPANEL,NSE
Greenply Industries Limited,GREENPLY,NSE
Grindwell Norton Limited,GRINDWELL,NSE
Gufic Biosciences Limited,GUFICBIO,NSE
Gujarat Alkalies and Chemicals Ltd.,GUJALKALI,NSE
Gujarat Ambuja Exports Limited,GAEL,NSE
GUJARAT FLUOROCHEMICALS LIMITED,FLUOROCHEM,NSE
Gujarat Gas Limited,GUJGASLTD,BSE
Gujarat Narmada Valley Fertilizers and Chemicals Ltd.,GNFC,NSE
Gujarat Pipavav Port Ltd.,GPPL,NSE
Gujarat State Fert & Chemicals Ltd,GSFC,NSE
Gujarat State Fertilizers and Chemicals Ltd.,GSFC,NSE
Gulf Oil Lubricants India Limited,GULFOILLUB,NSE
H.G. Infra Engineering Limited,HGINFRA,NSE
Happiest Minds Technologies Ltd.,HAPPSTMNDS,NSE
Happy Forgings Limited,HAPPYFORGE,NSE
Harsha Engineers International Limited,HARSHA,NSE
Hatsun Agro Product Limited,HATSUN,NSE
Havells India Limited,HAVELLS,NSE
HAWKINS COOKER LTD,HAWKINCOOK,NSE
Hawkins Cookers Ltd.,HAWKINCOOK,NSE
HCL Technologies Limited,HCLTECH,NSE
HDB Financial Services Limited,HDBFS,NSE
HDFC Asset Management Company Limited,HDFCAMC,NSE
HDFC Bank Limited,HDFCBANK,NSE
HDFC Life Insurance Company Limited,HDFCLIFE,NSE
Healthcare Global Enterprises Limited,HCG,NSE
HEG Limited,HEG,NSE
HeidelbergCement India Limited,HEIDELBERG,NSE
Heidleberg Cement India Ltd.,HEIDELBERG,NSE
Heritage Foods Limited,HERITGFOOD,NSE
Hero MotoCorp Limited,HEROMOTOCO,NSE
Hexagon Nutrition Limited,HEXAGON,NSE
Hexaware Technologies Limited,HEXT,NSE
HFCL Limited,HFCL,NSE
Hi-Tech Pipes Limited,HITECH,NSE
HIKAL LTD,HIKAL,NSE
Himadri Speciality Chemical Limited,HSCL,NSE
Hindalco Industries Limited,HINDALCO,NSE
Hindustan Aeronautics Limited,HAL,NSE
Hindustan Copper Limited,HINDCOPPER,NSE
Hindustan Petroleum Corp. Ltd.,HINDPETRO,NSE
Hindustan Petroleum Corporation Limited,HINDPETRO,NSE
Hindustan Unilever Limited,HINDUNILVR,NSE
Hindustan Zinc Limited,HINDZINC,NSE
Hitachi Energy India Limited,POWERINDIA,NSE
HLE Glascoat Limited,HLEGLAS,NSE
Home First Finance Company India Limited,HOMEFIRST,NSE
Honasa Consumer Limited,HONASA,NSE
Honda India Power Products Limited,HONDAPOWER,NSE
Honeywell Automation India Limited,HONAUT,NSE
Horizon Reclaim (India) Limited,HORIZON,BSE
Housing & Urban Development Corporation Limited,HUDCO,NSE
Hyundai Motor India Ltd.,HYUNDAI,NSE
ICICI Bank Limited,ICICIBANK,NSE
ICICI Lombard General Insurance Company Limited,ICICIGI,NSE
ICICI Prudential AMC Ltd,ICICIAMC,NSE
ICICI Prudential Asset Management Company Limited,ICICIAMC,NSE
ICICI Prudential Life Insurance Company Limited,ICICIPRULI,NSE
ICRA Limited,ICRA,NSE
IDEAFORGE TECHNOLOGY LIMITED,IDEAFORGE,NSE
IDFC First Bank Limited,IDFCFIRSTB,NSE
IFB Industries Limited,IFBIND,NSE
Ifgl Refractories Limited (Erst Ifgl Exports Limited),IFGLEXPOR,NSE
IIFL Capital Services Ltd.,IIFLCAPS,NSE
IIFL Finance Limited,IIFL,NSE
Indegene Ltd.,INDGN,NSE
India Shelter Finance Corporation Limited,INDIASHLTR,NSE
Indiamart Intermesh Ltd.,INDIAMART,NSE
INDIAN BANK,INDIANB,NSE
Indian Energy Exchange Limited,IEX,NSE
Indian Oil Corporation Limited,IOC,NSE
Indian Railway Catering and Tourism Corporation Ltd.,IRCTC,NSE
Indigo Paints Limited,INDIGOPNTS,NSE
Indiqube Spaces Ltd,INDIQUBE,NSE
INDOCO REMEDIES LIMITED,INDOCO,NSE
Indraprastha Gas Limited,IGL,NSE
Indus Towers Limited,INDUSTOWER,NSE
IndusInd Bank Limited,INDUSINDBK,NSE
Info Edge (India) Limited,NAUKRI,NSE
Infosys Limited,INFY,NSE
Ingersoll Rand (India) Limited,INGERRAND,NSE
Innova Captab Limited,INNOVACAP,NSE
Inox Green Energy Services Limited,INOXGREEN,NSE
Inox India Limited,INOXINDIA,NSE
Inox Wind Limited,INOXWIND,NSE
Insecticides (India) Ltd.,INSECTICID,NSE
Intellect Design Arena Limited,INTELLECT,NSE
Inter Globe Aviation Ltd,INDIGO,NSE
Interarch Building Solutions Limited,INTERARCH,NSE
InterGlobe Aviation Limited,INDIGO,NSE
International Gemmological Institute India Limited,IGIL,NSE
Inventurus Knowledge Solutions Limited,IKS,NSE
ION EXCHANGE (INDIA) LIMITED,IONEXCHANG,NSE
IPCA Laboratories Limited,IPCALAB,NSE
IRB Infrastructure Developers Limited,IRB,NSE
IRM Energy Ltd,IRMENERGY,NSE
ISGEC Heavy Engineering Limited,ISGEC,NSE
ITC Hotels Limited,ITCHOTELS,NSE
ITC Limited,ITC,NSE
Jagran Prakashan Ltd.,JAGRAN,NSE
Jain Resource Recycling Limited,JAINREC,NSE
Jamna Auto Industries Limited,JAMNAAUTO,NSE
Jash Engineering Limited,JASH,NSE
JB Chemicals & Pharmaceuticals Limited,JBCHEPHARM,NSE
Jindal Saw Limited,JINDALSAW,NSE
Jindal Stainless Limited,JSL,NSE
Jindal Steel & Power Ltd,JINDALSTEL,NSE
Jindal Steel Limited.,JINDALSTEL,NSE
JK Cement Limited,JKCEMENT,NSE
JK Lakshmi Cement Limited,JKLAKSHMI,NSE
JK Paper Limited,JKPAPER,NSE
JK Tyre & Industries Limited,JKTYRE,NSE
JM FINANCIAL LIMITED,JMFINANCIL,NSE
JNK India Limited,JNKINDIA,NSE
JSW Cement Limited,JSWCEMENT,NSE
JSW Energy Limited,JSWENERGY,NSE
JSW Infrastructure Limited,JSWINFRA,NSE
JSW Steel Limited,JSWSTEEL,NSE
Jtekt India Limited,JTEKTINDIA,NSE
Jubilant Foodworks Limited,JUBLFOOD,NSE
Jubilant Ingrevia Limited,JUBLINGREA,NSE
Jubilant Pharmova Limited,JUBLPHARMA,NSE
Juniper Hotels Limited,JUNIPER,NSE
Jupiter Life Line Hospitals Ltd,JLHL,NSE
Jupiter Wagons Limited,JWL,NSE
Just Dial Limited,JUSTDIAL,NSE
Jyothy Labs Limited,JYOTHYLAB,NSE
Jyoti CNC Automation Ltd,JYOTICNC,NSE
K.P.R. Mill Limited,KPRMILL,NSE
Kajaria Ceramics Limited,KAJARIACER,NSE
KALPATARU PROJECTS INTERNATIONAL LIMITED,KPIL,NSE
Kalyan Jewellers India Limited,KALYANKJIL,NSE
Kalyani Steels Limited,KSL,NSE
Kansai Nerolac Paints Ltd.,KANSAINER,NSE
Karur Vysya Bank Limited,KARURVYSYA,NSE
Kaveri Seed Company Limited,KSCL,NSE
Kaynes Technology India Limited,KAYNES,NSE
KEC International Limited,KEC,NSE
KEI Industries Limited,KEI,NSE
Kennametal India Ltd.,KENNAMET,NSE
Kewal Kiran Clothing Limited,KKCL,NSE
KEYSTONE REALTORS LIMITED,RUSTOMJEE,NSE
KFin Technologies Limited,KFINTECH,NSE
Kilburn Engineering Limited,KLBRENG-B,NSE
Kingfa Science & Technology India Ltd.,KINGFA,NSE
Kirloskar Brothers Limited,KIRLOSBROS,NSE
Kirloskar Ferrous Industries Limited,KIRLFER,NSE
Kirloskar Oil Engines Limited,KIRLOSENG,NSE
Kirloskar Pneumatic Company Limited,KIRLPNU,NSE
Knowledge Marine & Engineering Works Limited,KMEW,NSE
KNR Construction limited.,KNRCON,NSE
Kolte - Patil Developers Limited,KOLTEPATIL,NSE
Kotak Mahindra Bank Limited,KOTAKBANK,NSE
KPIT Technologies Limited,KPITTECH,NSE
KRISHNA INSTITUTE OF MEDICAL,KIMS,NSE
Krishna Institute Of Medical Sciences Limited,KIMS,NSE
KRN Heat Exchanger And Refrigeration Limited,KRN,NSE
Krsnaa Diagnostics Limited,KRSNAA,NSE
KSB Limited,KSB,NSE
KSH International Limited,KSHINTL,NSE
Kwality Walls (India) Limited,KWIL,NSE
Kwality Wall’s India Ltd,KWIL,NSE
L&T FINANCE HOLDINGS LTD,LTF,NSE
L&T Finance Limited,LTF,NSE
L&T Technology Services Limited,LTTS,NSE
La Opala RG Limited,LAOPALA,NSE
Landmark Cars Limited,LANDMARK,NSE
Larsen & Toubro Limited,LT,NSE
Latent View Analytics Ltd.,LATENTVIEW,NSE
Laurus Labs Limited,LAURUSLABS,NSE
Laxmi Dental Limited,LAXMIDENTL,NSE
LE TRAVENUES TECHNOLOGY LTD,IXIGO,NSE
Leela Palaces Hotels & Resorts Limited,THELEELA,NSE
Lemon Tree Hotels Limited,LEMONTREE,NSE
LENSKART SOLUTIONS LIMITED,LENSKART,NSE
LG Balakrishnan & Bros Limited,LGBBROSLTD,NSE
LG Electronics India Limited,LGEINDIA,NSE
LIC Housing Finance Limited,LICHSGFIN,NSE
Linde India Limited,LINDEINDIA,NSE
Lloyds Metals And Energy Limited,LLOYDSME,NSE
LMW Limited,LMW,NSE
Lodha Developers Limited,LODHA,NSE
LT Foods Limited,LTFOODS,NSE
LTIMindtree Limited,LTIM,NSE
Lumax Auto Technologies Limited,LUMAXTECH,NSE
Lumax Industries Ltd,LUMAXIND,NSE
Lupin Limited,LUPIN,NSE
Mahanagar Gas Limited,MGL,NSE
Maharashtra Scooters Limited,MAHSCOOTER,NSE
Maharashtra Seamless Ltd.,MAHSEAMLES,NSE
Mahindra & Mahindra Financial Services Limited,M&MFIN,NSE
Mahindra & Mahindra Limited,M&M,NSE
Mahindra Holidays & Resorts Ind Ltd,MHRIL,NSE
Mahindra Lifespace Developers Limited,MAHLIFE,NSE
Mahindra Logistics Ltd.,MAHLOG,NSE
Malco Energy Limited,MALCO,BSE
Man Infraconstruction Limited,MANINFRA,NSE
Manappuram Finance Limited,MANAPPURAM,NSE
Mankind Pharma Limited,MANKIND,NSE
Marathon Nextgen Realty Limited,MARATHON,NSE
Marico Limited,MARICO,NSE
Marksans Pharma Limited,MARKSANS,NSE
Maruti Suzuki India Limited,MARUTI,NSE
Mas Financial Services Limited,MASFIN,NSE
Mastek Limited,MASTEK,NSE
MAX ESTATES LIMITED,MAXESTATES,NSE
Max Financial Services Limited,MFSL,NSE
Max Healthcare Institute Limited,MAXHEALTH,NSE
Mazagon Dock Shipbuilders Limited,MAZDOCK,NSE
MEDI ASSIST HEALTHCARE SERVICES LIMITED,MEDIASSIST,NSE
MedPlus Health Services Limited,MEDPLUS,NSE
Meesho Ltd.,MEESHO,NSE
Metro Brands Limited,METROBRAND,NSE
Metropolis Healthcare Limited,METROPOLIS,NSE
Midwest Limited,MIDWESTLTD,NSE
MINDA CORPORATION LIMITED,MINDACORP,NSE
Minda Industries Ltd.,UNOMINDA,NSE
Mishra Dhatu Nigam Limited,MIDHANI,NSE
MM FORGINGS LTD,MMFL,NSE
MOIL Limited,MOIL,NSE
Mold-Tek Packaging Limited,MOLDTKPAC,NSE
Motherson Sumi Wiring India Ltd.,MSUMI,NSE
Motilal Oswal Financial Services Limited,MOTILALOFS,NSE
MphasiS Limited.,MPHASIS,NSE
MRF Limited,MRF,NSE
Mrs. Bectors Food Specialities Limited,BECTORFOOD,NSE
MTAR Technologies Limited,MTARTECH,NSE
Multi Commodity Exchange of India Limited,MCX,NSE
Muthoot Finance Limited,MUTHOOTFIN,NSE
Narayana Hrudayalaya Limited,NH,NSE
NATCO PHARMA LTD,NATCOPHARM,NSE
National Aluminium Company Limited,NATIONALUM,NSE
National Building Construction Corp,NBCC,NSE
Navin Fluorine International Limited,NAVINFLUOR,NSE
Navneet Education Ltd.,NAVNETEDUL,NSE
Nazara Technologies Limited,NAZARA,NSE
NBCC (India) Ltd.,NBCC,NSE
NCC Limited,NCC,NSE
Neogen Chemicals Limited,NEOGEN,NSE
Nephrocare Health Service Pvt. Ltd.,NEPHROPLUS,NSE
Nesco Limited,NESCO,NSE
Netweb Technologies India Limited,NETWEB,NSE
NETWORK PEOPLE SERVICES TECHNOLOGIES LTD,NPST,NSE
Neuland Laboratories Limited,NEULANDLAB,NSE
Newgen Software Technologies Limited,NEWGEN,NSE
NHPC Ltd.,NHPC,NSE
NIIT Learning Systems Limited,NIITMTS,NSE
NIIT Limited,NIITLTD,NSE
Nilkamal Limited,NILKAMAL,NSE
Nippon Life Asset Management Ltd,NAM-INDIA,NSE
Nippon Life India Asset Management Limited,NAM-INDIA,NSE
Nitin Spinners Limited,NITINSPIN,NSE
Niva Bupa Health Insurance Company Limited,NIVABUPA,NSE
NLC India Limited,NLCINDIA,NSE
NMDC Limited,NMDC,NSE
NRB Bearing Ltd.,NRBBEARING,NSE
NRB Bearings Ltd.,NRBBEARING,NSE
NTPC Green Energy Limited,NTPCGREEN,NSE
NTPC Limited,NTPC,NSE
NUVAMA WEALTH MANAGEMENT LIMITED,NUVAMA,NSE
Nuvoco Vistas Corporation Ltd.,NUVOCO,NSE
Oberoi Realty Limited,OBEROIRLTY,NSE
Oil & Natural Gas Corporation Limited,ONGC,NSE
Oil India Limited,OIL,NSE
Ola Electric Mobility Ltd.,OLAELEC,NSE
OM INFRA LIMITED,OMINFRAL,NSE
Omnitech Engineering Limited,OMNI,NSE
One 97 Communications Limited,PAYTM,NSE
One MobiKwik Systems Limited,MOBIKWIK,NSE
Onemi Technology Solutions Limited,KISSHT,NSE
Onesource Specialty Pharma Limited,ONESOURCE,NSE
Onward Technologies Ltd,ONWARDTEC,NSE
Oracle Financial Ser Software Ltd.,OFSS,NSE
Oracle Financial Services Software Limited,OFSS,NSE
Orchid Pharma Limited,ORCHPHARMA,NSE
ORIENT ELECTIC LIMITED,ORIENTELEC,NSE
Orient Electric Limited,ORIENTELEC,NSE
Oriental Hotels Limited,ORIENTHOT,NSE
Orkla India Limited,ORKLAINDIA,NSE
OSWAL PUMPS LIMITED,OSWALPUMPS,NSE
P I Industries Ltd,PIIND,NSE
P N Gadgil Jewellers Limited,PNGJL,NSE
Pace Digitek Limited,PACEDIGITK,NSE
Page Industries Limited,PAGEIND,NSE
Paradeep Phosphates Limited,PARADEEP,NSE
Park Medi World Ltd.,PARKHOSPS,NSE
PB Fintech Limited,POLICYBZR,NSE
PCBL Chemical Limited,PCBL,NSE
PDS Limited,PDSL,NSE
PEARL GLOBAL INDUSTRIES LIMITED,PGIL,NSE
Pennar Industries Limited,PENIND,NSE
Persistent Systems Limited,PERSISTENT,NSE
Petronet LNG Limited,PETRONET,NSE
Pfizer Limited,PFIZER,NSE
PG Electroplast Limited,PGEL,NSE
PHYSICSWALLAH LIMITED,PWL,NSE
PI Industries Limited,PIIND,NSE
Pidilite Industries Limited,PIDILITIND,NSE
Pine Labs Limited,PINELABS,NSE
Piramal Finance Limited,PIRAMALFIN,NSE
Piramal Pharma Limited,PPLPHARMA,NSE
PNB Housing Finance Limited,PNBHOUSING,NSE
PNC Infratech Limited,PNCINFRA,NSE
Pokarna Limited,POKARNA,NSE
Poly Medicure Limited,POLYMED,NSE
Polycab India Limited,POLYCAB,NSE
Polyplex Corporation Limited,POLYPLEX,NSE
Pondy Oxides & Chemical Ltd.,POCL,NSE
Pondy Oxides & Chemicals Ltd,POCL,NSE
POONAWALLA FINCORP LIMITED,POONAWALLA,NSE
Power Finance Corporation Limited,PFC,NSE
Power Grid Corporation of India Limited,POWERGRID,NSE
Power Mech Projects Limited,POWERMECH,NSE
Powerica Limited,POWERICA,NSE
Praj Industries Limited,PRAJIND,NSE
Premier Energies Limited,PREMIERENE,NSE
Premier Explosives Ltd.,PREMEXPLN,NSE
Prestige Estates Projects Limited,PRESTIGE,NSE
Pricol Limited,PRICOLLTD,NSE
Prime Securities Limited,PRIMESECU,NSE
Prince Pipes And Fittings Limited,PRINCEPIPE,NSE
Privi Speciality Chemicals Ltd.,PRIVISCL,NSE
Procter & Gamble Health Limited,PGHL,NSE
Procter & Gamble Hygiene and Health Care Ltd.,PGHH,NSE
Protean eGov Technologies Limited,PROTEAN,NSE
PRUDENT CORPORATE ADVISORY SERVICES Limited,PRUDENT,NSE
PTC India Limited,PTC,NSE
PTC Industries Limited,PTCIL,NSE
PUNJAB ALKALIES AND CHEMICALS LTD,PUNJABCHEM,NSE
PVR INOX Limited,PVRINOX,NSE
PVR LIMITED,PVRINOX,NSE
Q-Line Biotech Ltd,QLINE-SM,NSE
Quality Power Electrical Eqp Ltd,QPOWER,NSE
Quess Corp Limited,QUESS,NSE
R K Swamy Ltd,RKSWAMY,NSE
R R Kabel Limited,RRKABEL,NSE
R Systems International Limited,RSYSTEMS,NSE
Radico Khaitan Limited,RADICO,NSE
Rainbow Childrens Medicare Limited,RAINBOW,NSE
Rajratan Global Wire Ltd.,RAJRATAN,NSE
Rallis India Limited,RALLIS,NSE
RAMCO INDUSTRIES LTD,RAMCOIND,NSE
Ramkrishna Forgings Limited,RKFORGE,NSE
Rane Holdings Limited,RANEHOLDIN,NSE
Rashi Peripherals Limited,RPTECH,NSE
Rategain Travel Technologies Limited,RATEGAIN,NSE
Ratnamani Metals & Tubes Limited,RATNAMANI,NSE
Ravindra Energy Limited,RELTD,NSE
Raymond Lifestyle Limited,RAYMONDLSL,NSE
Raymond Limited,RAYMOND,NSE
RBL Bank Limited,RBLBANK,NSE
REC Limited,RECLTD,NSE
Red Tape Ltd,REDTAPE,NSE
REDINGTON (INDIA) LTD,REDINGTON,NSE
Redtape Limited,REDTAPE,NSE
Relaxo Footwears Ltd.,RELAXO,NSE
Reliance Industries Limited,RELIANCE,NSE
Repco Home Finance Limited,REPCOHOME,NSE
Restaurant Brands Asia Limited,RBA,NSE
RHI Magnesita India Limited,RHIM,NSE
RISHABH INSTRUMENTS LIMITED,RISHABH,NSE
RITES Limited,RITES,NSE
Rolex Rings Limited,ROLEXRINGS,NSE
Rossari Biotech Limited,ROSSARI,NSE
Route Mobile Ltd.,ROUTE,NSE
RR Kabel Ltd.,RRKABEL,NSE
RUBICON RESEARCH LIMITED,RUBICON,NSE
S H Kelkar and Company Limited,SHK,NSE
S. P. Apparels Limited,SPAL,NSE
S.J.S. Enterprises Limited,SJS,NSE
Saatvik Green Energy Limited,SAATVIKGL,NSE
Safari Industries (India) Limited,SAFARI,NSE
Sagar Cements Ltd.,SAGCEM,NSE
SAGILITY INDIA LTD.,SAGILITY,NSE
Sai Life Sciences Limited,SAILIFE,NSE
Sai Silks (Kalamandir) Limited,KALAMANDIR,NSE
SAMHI HOTELS LTD,SAMHI,NSE
Samvardhana Motherson International Limited,MOTHERSON,NSE
Sanathan Textiles Limited,SANATHAN,NSE
Sandhar Technologies Limited,SANDHAR,NSE
Sanofi Consumer Healthcare India Limited,SANOFICONR,NSE
SANOFI INDIA LIMITED,SANOFI,NSE
Sansera Engineering Limited,SANSERA,NSE
Sapphire Foods India Limited,SAPPHIRE,NSE
Sarda Energy & Minerals Ltd.,SARDAEN,NSE
Saregama India Limited,SAREGAMA,NSE
Satin Creditcare Network Limited,SATIN,NSE
SBFC Finance Limited,SBFC,NSE
SBI CARDS AND PAYMENT SERVICES LTD,SBICARD,NSE
SBI Life Insurance Company Limited,SBILIFE,NSE
Schaeffler India Limited,SCHAEFFLER,NSE
Schneider Electric Infrastructure Limited,SCHNEIDER,NSE
Seamec Limited,SEAMECLTD,NSE
Sedemac Mechatronics Limited,SEDEMAC,NSE
Senco Gold Limited,SENCO,NSE
Shadowfax Technologies Limited,SHADOWFAX,NSE
Shaily Engineering Plastics Limited,SHAILY,NSE
Shankara Buildpro Ltd,BUILDPRO,NSE
Sharda Cropchem Limited,SHARDACROP,NSE
Sharda Motor Industries Ltd.,SHARDAMOTR,NSE
Sheela Foam Limited,SFL,NSE
Shilpa Medicare Limited,SHILPAMED,NSE
Shipping Corporation Of India Limited,SCI,NSE
Shopper Stop Ltd.,SHOPERSTOP,NSE
Shoppers Stop Ltd.,SHOPERSTOP,NSE
Shree Cement Limited,SHREECEM,NSE
Shreeji Shipping Global Limited,SHREEJISPG,NSE
SHRIRAM FINANCE LIMITED,SHRIRAMFIN,NSE
Shriram Pistons & Rings Limited,SHRIPISTON,NSE
Shyam Metalics and Energy Limited,SHYAMMETL,NSE
Siemens Energy India Limited,ENRIN,NSE
Siemens Limited,SIEMENS,NSE
SignatureGlobal (India) Limited,SIGNATURE,NSE
Sirca Paints India Limited,SIRCA,NSE
SIS Limited,SIS,NSE
SKF India (Industrial) Limited,SKFINDIA,NSE
SKF INDIA Industrial Ltd.,SKFINDUS,NSE
Skipper Limited,SKIPPER,NSE
Sky Gold And Diamonds Limited,SKYGOLD,NSE
SMARTWORKS COWORKING SPACES LTD,SMARTWORKS,NSE
SMS Pharmaceuticals Limited,SMSPHARMA,NSE
Sobha Limited,SOBHA,NSE
Solar Industries India Limited,SOLARINDS,NSE
Somany Ceramics Limited,SOMANYCERA,NSE
Sona BLW Precision Forgings Limited,SONACOMS,NSE
Sonata Software Limited,SONATSOFTW,NSE
SRF Limited,SRF,NSE
SRI LOTUS DEVELOPERS AND REALTY LTD,LOTUSDEV,NSE
Stanley Lifestyles Limited,STANLEY,NSE
Star Cement Ltd.,STARCEMENT,NSE
Star Health And Allied Insurance Company Limited,STARHEALTH,NSE
STATE BANK OF INDIA.,SBIN,NSE
Steel Authority of India Limited,SAIL,NSE
Steel Strips Wheels Limited,SSWL,NSE
Steelcast Ltd,STEELCAS,NSE
Sterlite Technologies Limited,STLTECH,NSE
STL Networks limited,STLNETWORK,NSE
Stove Kraft Limited,STOVEKRAFT,NSE
Strides Pharma Science Limited,STAR,NSE
Studds Accessories Ltd,STUDDS,NSE
Stylam Industries Limited,STYLAMIND,NSE
Styrenix Performance Materials Limited,STYRENIX,NSE
Subros Ltd,SUBROS,NSE
Sudarshan Chemical Industries Limited,SUDARSCHEM,NSE
Sudeep Pharma Limited,SUDEEPPHRM,NSE
SULA VINEYARDS LIMITED,SULA,NSE
Sumitomo Chemical India Limited,SUMICHEM,NSE
Sun Pharmaceutical Industries Limited,SUNPHARMA,NSE
SUN TV Network Limited,SUNTV,NSE
Sundaram Clayton DCD Ltd.,SUNCLAY,NSE
SUNDARAM CLAYTON LTD,SUNCLAY,NSE
Sundaram Finance Limited,SUNDARMFIN,NSE
Sundram Fasteners Limited,SUNDRMFAST,NSE
SUNDROP BRANDS LTD,SUNDROP,NSE
Sunteck Realty Limited,SUNTECK,NSE
Suprajit Engineering Limited,SUPRAJIT,NSE
Supreme Industries Limited,SUPREMEIND,NSE
Supreme Petrochem Ltd.,SPLPETRO,NSE
Supriya Lifescience Limited,SUPRIYA,NSE
Suraksha Diagnostic Limited,SURAKSHA,NSE
Suryoday Small Finance Bank Limited,SURYODAY,NSE
Suzlon Energy Limited,SUZLON,NSE
Swan Corp Limited,SWANCORP,NSE
Swan Defence And Heavy Industries Ltd,SWANDEF,NSE
Swaraj Engines Limited,SWARAJENG,NSE
Swiggy Limited,SWIGGY,NSE
Symphony Ltd.,SYMPHONY,NSE
Syngene International Limited,SYNGENE,NSE
Syrma SGS Technology Limited,SYRMA,NSE
Tamil Nadu Newsprint & Papers Ltd.,TNPL,NSE
Tanla Platforms Limited,TANLA,NSE
TARC Limited,TARC,NSE
Tata Capital Limited,TATACAP,NSE
Tata Chemicals Ltd.,TATACHEM,NSE
Tata Communications Limited,TATACOMM,NSE
Tata Consultancy Services Limited,TCS,NSE
Tata Consumer Products Limited,TATACONSUM,NSE
Tata Elxsi Ltd.,TATAELXSI,NSE
Tata Motors Limited,TMCV,NSE
Tata Motors Passenger Vehicles Limited,TMPV,NSE
Tata Power Company Limited,TATAPOWER,NSE
Tata Steel Limited,TATASTEEL,NSE
Tata Technologies Limited,TATATECH,NSE
TBO Tek Limited,TBOTEK,NSE
TCI Express Ltd.,TCIEXP,NSE
TCPL Packaging Limited,TCPLPACK,NSE
TD Power Systems Limited,TDPOWERSYS,NSE
TeamLease Services Limited,TEAMLEASE,NSE
Tech Mahindra Limited,TECHM,NSE
Techno Electric & Engineering Company Limited,TECHNOE,NSE
TEGA INDUSTRIES LIMITED,TEGA,NSE
Tejas Networks Limited,TEJASNET,NSE
Tenneco Clean Air India Limited,TENNIND,NSE
Texmaco Rail & Engineering Limited,TEXRAIL,NSE
Thangamayil Jewellery Limited,THANGAMAYL,NSE
The Anup Engineering Limited,ANUP,NSE
The Ethos Ltd.,ETHOSLTD,NSE
The Federal Bank Limited,FEDERALBNK,NSE
The Great Eastern Shipping Company Limited,GESHIP,NSE
The India Cements Ltd.,INDIACEM,NSE
The Indian Hotels Company Limited,INDHOTEL,NSE
The Karnataka Bank Limited,KTKBANK,NSE
The Orissa Minerals Development Co Ltd,ORISSAMINE,NSE
The Phoenix Mills Limited,PHOENIXLTD,NSE
The Ramco Cements Limited,RAMCOCEM,NSE
The South Indian Bank Limited,SOUTHBANK,NSE
Thermax Limited,THERMAX,NSE
Thirumalai Chemicals Limited,TIRUMALCHM,NSE
Thyrocare Technologies Limited,THYROCARE,NSE
Tilaknagar Industries Limited,TI,NSE
Time Technoplast Limited,TIMETECHNO,NSE
Timken India Limited,TIMKEN,NSE
Tinna Rubber and Infrastructure Limited,TINNARUBR,NSE
Tips Music Ltd.,TIPSMUSIC,NSE
Titagarh Rail Systems Limited,TITAGARH,NSE
Titan Company Limited,TITAN,NSE
Torrent Pharmaceuticals Limited,TORNTPHARM,NSE
Torrent Power Limited,TORNTPOWER,NSE
Tracxn Technologies Ltd,TRACXN,NSE
Transformers And Rectifiers (India) Limited,TARIL,NSE
TRANSINDIA REAL ESTATE LTD,TREL,NSE
Transport Corporation of India Ltd.,TCI,NSE
Travel Food Services Limited,TRAVELFOOD,NSE
Trent Limited,TRENT,NSE
Triveni Engineering & Industries Limited,TRIVENI,NSE
Triveni Turbine Limited,TRITURBINE,NSE
Trualt Bioenergy Ltd,TRUALT,NSE
TSF Investments Limited,TSFINV,NSE
TTK Prestige Limited,TTKPRESTIG,NSE
Tube Investments Of India Limited,TIINDIA,NSE
Turtlemint Fintech Solutions Limited,TURTLEMINT,NSE
TVS Holdings Limited,TVSHLTD,NSE
TVS Motor Company Limited,TVSMOTOR,NSE
TVS Srichakra Limited,TVSSRICHAK,NSE
Ujjivan Small Finance Bank Limited,UJJIVANSFB,NSE
UltraTech Cement Limited,ULTRACEMCO,NSE
Unichem Laboratories Ltd.,UNICHEMLAB,NSE
Unicommerce Esolutions Limited,UNIECOM,NSE
Union Bank of India,UNIONBANK,NSE
UNITED BREWERIES LIMITED,UBL,NSE
United Foodbrands Limited,UFBL,NSE
United Spirits Limited,UNITDSPR,NSE
UNO Minda Limited,UNOMINDA,NSE
Updater Services Limited,UDS,NSE
UPL Ltd.,UPL,NSE
Urban Company Ltd.,URBANCO,NSE
Usha Martin Limited,USHAMART,NSE
UTI Asset Management Company Limited,UTIAMC,NSE
V-Guard Industries Ltd.,VGUARD,NSE
V-Mart Retail Limited,VMART,NSE
V.S.T Tillers Tractors Limited,VSTTILLERS,NSE
V2 Retail Limited,V2RETAIL,NSE
VA Tech Wabag Limited,WABAG,NSE
Vardhman Special Steels Ltd.,VSSL,NSE
Vardhman Textiles Limited,VTL,NSE
Varroc Engineering Limited,VARROC,NSE
Varun Beverages Limited,VBL,NSE
Vedant Fashions Limited,MANYAVAR,NSE
Vedanta Aluminium Metal Limited,VAML,NSE
Vedanta Iron And Steel Limited,VISL,NSE
Vedanta Limited,VEDL,NSE
Vedanta Power Ltd.,VEDPOWER,NSE
Ventive Hospitality Limited,VENTIVE,NSE
Venus Pipes And Tubes Limited,VENUSPIPES,NSE
Vesuvius India Limited,VESUVIUS,NSE
Vidya Wires Limited,VIDYAWIRES,NSE
Vijaya Diagnostic Centre Limited,VIJAYA,NSE
Vikram Solar Ltd,VIKRAMSOLR,NSE
Vinati Organics Limited,VINATIORGA,NSE
Vindhya Telelinks Limited,VINDHYATEL,NSE
Vintage Coffee And Beverages Limited,VINCOFE,NSE
VIP Industries Ltd.,VIPIND,NSE
VISHAL MEGA MART LIMITED,VMM,NSE
Vishnu Chemicals Limited,VISHNU,NSE
Vishnu Prakash R Punglia Limited,VPRPL,NSE
Voltamp Transformers Limited,VOLTAMP,NSE
Voltas Limited,VOLTAS,NSE
VRL Logistics Limited,VRLLOG,NSE
Waaree Energies Limited,WAAREEENER,NSE
Wakefit Innovations Limited,WAKEFIT,NSE
Welspun Corp Limited,WELCORP,NSE
Welspun Enterprises Limited,WELENT,NSE
Welspun Living Limited,WELSPUNLIV,NSE
WENDT (India) Ltd.,WENDT,NSE
West Coast Paper Mills Limited,WSTCSTPAPR,NSE
Westlife Foodworld Limited,WESTLIFE,NSE
Wework India Management Limited,WEWORK,NSE
Whirlpool of India Limited,WHIRLPOOL,NSE
Windlas Biotech Limited,WINDLAS,NSE
Wipro Ltd.,WIPRO,NSE
Wockhardt Limited,WOCKPHARMA,NSE
Wonderla Holidays Ltd.,WONDERLA,NSE
WPIL LTD,WPIL,NSE
Xpro India Limited,XPROINDIA,NSE
Yatharth Hospital And Trauma Care Services Limited,YATHARTH,NSE
Yatra Online Limited,YATRA,NSE
Zaggle Prepaid Ocean Services Limited,ZAGGLE,NSE
Zee Entertainment Enterprises Limited,ZEEL,NSE
Zensar Technologies Limited,ZENSARTECH,NSE
ZF Commercial Vehicle Control Systems India Limited,ZFCVINDIA,NSE
Zinka Logistics Solutions Ltd,BLACKBUCK,NSE
Zydus Lifesciences Limited,ZYDUSLIFE,NSE
Zydus Wellness Limited,ZYDUSWELL,NSE
